{
  "lang":"en",
  "name":"pipeline",
  "version":"0.0.0",
  "spacy_version":">=3.7.2,<3.8.0",
  "description":"",
  "author":"",
  "email":"",
  "url":"",
  "license":"",
  "spacy_git_version":"a89eae928",
  "vectors":{
    "width":0,
    "vectors":0,
    "keys":0,
    "name":null,
    "mode":"default"
  },
  "labels":{
    "transformer":[

    ],
    "ner":[
      "CCHANGE",
      "CHR",
      "CNA",
      "GEN",
      "PCHANGE",
      "REFDEQ"
    ]
  },
  "pipeline":[
    "transformer",
    "ner"
  ],
  "components":[
    "transformer",
    "ner"
  ],
  "disabled":[

  ],
  "performance":{
    "ents_f":0.9916500994,
    "ents_p":0.9920445505,
    "ents_r":0.9912559618,
    "ents_per_type":{
      "GEN":{
        "p":0.9923664122,
        "r":0.9923664122,
        "f":0.9923664122
      },
      "REFDEQ":{
        "p":0.9834710744,
        "r":0.9834710744,
        "f":0.9834710744
      },
      "CCHANGE":{
        "p":0.9958847737,
        "r":1.0,
        "f":0.9979381443
      },
      "PCHANGE":{
        "p":0.9916666667,
        "r":0.9834710744,
        "f":0.9875518672
      },
      "CHR":{
        "p":0.9958847737,
        "r":0.9958847737,
        "f":0.9958847737
      },
      "CNA":{
        "p":1.0,
        "r":1.0,
        "f":1.0
      }
    },
    "transformer_loss":220.4920941076,
    "ner_loss":444.4984402696
  }
}